pickup_hour_timestamp,origin_loc_id,zone_name,horizon_h,predicted_demand,predicted_demand_rounded
2026-04-01 00:00:00,237,Upper East Side South,1,35.221592228578444,35
2026-04-01 00:00:00,132,JFK Airport,1,242.78894410932241,243
2026-04-01 00:00:00,161,Midtown Center,1,60.37372784302704,60
2026-04-01 00:00:00,236,Upper East Side North,1,20.980201540229245,21
2026-04-01 00:00:00,186,Penn Station/Madison Sq West,1,49.34283168760676,49
2026-04-01 00:00:00,162,Midtown East,1,48.461279203837194,48
2026-04-01 00:00:00,230,Times Sq/Theatre District,1,92.17601004112798,92
2026-04-01 00:00:00,142,Lincoln Square East,1,40.57756357058761,41
2026-04-01 00:00:00,138,LaGuardia Airport,1,127.18621703788114,127
2026-04-01 00:00:00,170,Murray Hill,1,42.44351455842991,42
2026-04-01 01:00:00,237,Upper East Side South,2,13.885684862502467,14
2026-04-01 01:00:00,132,JFK Airport,2,109.95200471743033,110
2026-04-01 01:00:00,161,Midtown Center,2,21.776443318721817,22
2026-04-01 01:00:00,236,Upper East Side North,2,7.517117848220119,8
2026-04-01 01:00:00,186,Penn Station/Madison Sq West,2,32.33295962478353,32
2026-04-01 01:00:00,162,Midtown East,2,21.195844212729778,21
2026-04-01 01:00:00,230,Times Sq/Theatre District,2,38.43659594345409,38
2026-04-01 01:00:00,142,Lincoln Square East,2,19.12378096764476,19
2026-04-01 01:00:00,138,LaGuardia Airport,2,74.42409622254009,74
2026-04-01 01:00:00,170,Murray Hill,2,21.689645147650367,22
2026-04-01 02:00:00,237,Upper East Side South,3,7.232747847169094,7
2026-04-01 02:00:00,132,JFK Airport,3,29.312545739144934,29
2026-04-01 02:00:00,161,Midtown Center,3,9.149130499559373,9
2026-04-01 02:00:00,236,Upper East Side North,3,3.706394998508222,4
2026-04-01 02:00:00,186,Penn Station/Madison Sq West,3,16.20786010369757,16
2026-04-01 02:00:00,162,Midtown East,3,10.587347313456553,11
2026-04-01 02:00:00,230,Times Sq/Theatre District,3,21.44239132650216,21
2026-04-01 02:00:00,142,Lincoln Square East,3,9.572369066369923,10
2026-04-01 02:00:00,138,LaGuardia Airport,3,32.631261686461855,33
2026-04-01 02:00:00,170,Murray Hill,3,10.50075299522548,11
2026-04-01 03:00:00,237,Upper East Side South,4,3.6739103293203925,4
2026-04-01 03:00:00,132,JFK Airport,4,11.556817983980295,12
2026-04-01 03:00:00,161,Midtown Center,4,6.177006856732919,6
2026-04-01 03:00:00,236,Upper East Side North,4,1.7394824480490114,2
2026-04-01 03:00:00,186,Penn Station/Madison Sq West,4,10.808856770722537,11
2026-04-01 03:00:00,162,Midtown East,4,5.621722690130127,6
2026-04-01 03:00:00,230,Times Sq/Theatre District,4,17.920137187488127,18
2026-04-01 03:00:00,142,Lincoln Square East,4,4.515588044926881,5
2026-04-01 03:00:00,138,LaGuardia Airport,4,15.579738153006407,16
2026-04-01 03:00:00,170,Murray Hill,4,4.039451358120823,4
2026-04-01 04:00:00,237,Upper East Side South,5,7.256389447899119,7
2026-04-01 04:00:00,132,JFK Airport,5,10.735221885913711,11
2026-04-01 04:00:00,161,Midtown Center,5,9.040703050790649,9
2026-04-01 04:00:00,236,Upper East Side North,5,6.784657919973733,7
2026-04-01 04:00:00,186,Penn Station/Madison Sq West,5,9.88076178962208,10
2026-04-01 04:00:00,162,Midtown East,5,7.850865920550177,8
2026-04-01 04:00:00,230,Times Sq/Theatre District,5,17.691389582416036,18
2026-04-01 04:00:00,142,Lincoln Square East,5,5.691754112101398,6
2026-04-01 04:00:00,138,LaGuardia Airport,5,7.281355935188936,7
2026-04-01 04:00:00,170,Murray Hill,5,5.777393400283972,6
2026-04-01 05:00:00,237,Upper East Side South,6,17.53091281534305,18
2026-04-01 05:00:00,132,JFK Airport,6,46.01720199280146,46
2026-04-01 05:00:00,161,Midtown Center,6,16.83667136975091,17
2026-04-01 05:00:00,236,Upper East Side North,6,20.495936175854556,20
2026-04-01 05:00:00,186,Penn Station/Madison Sq West,6,39.56658764216279,40
2026-04-01 05:00:00,162,Midtown East,6,21.007952026693285,21
2026-04-01 05:00:00,230,Times Sq/Theatre District,6,22.35840417366783,22
2026-04-01 05:00:00,142,Lincoln Square East,6,10.736869278434096,11
2026-04-01 05:00:00,138,LaGuardia Airport,6,7.26490634586919,7
2026-04-01 05:00:00,170,Murray Hill,6,16.609972471726405,17
2026-04-01 06:00:00,237,Upper East Side South,7,45.313034891388426,45
2026-04-01 06:00:00,132,JFK Airport,7,116.12318531398864,116
2026-04-01 06:00:00,161,Midtown Center,7,49.50487705989626,50
2026-04-01 06:00:00,236,Upper East Side North,7,67.85081063690943,68
2026-04-01 06:00:00,186,Penn Station/Madison Sq West,7,108.4450275300505,108
2026-04-01 06:00:00,162,Midtown East,7,66.03869869404568,66
2026-04-01 06:00:00,230,Times Sq/Theatre District,7,45.96472996539953,46
2026-04-01 06:00:00,142,Lincoln Square East,7,39.97149515422386,40
2026-04-01 06:00:00,138,LaGuardia Airport,7,15.502497916506105,16
2026-04-01 06:00:00,170,Murray Hill,7,49.30553804025103,49
2026-04-01 07:00:00,237,Upper East Side South,8,142.39396049808457,142
2026-04-01 07:00:00,132,JFK Airport,8,158.05532595791573,158
2026-04-01 07:00:00,161,Midtown Center,8,103.00210592847829,103
2026-04-01 07:00:00,236,Upper East Side North,8,207.89524815112492,208
2026-04-01 07:00:00,186,Penn Station/Madison Sq West,8,185.20047532973462,185
2026-04-01 07:00:00,162,Midtown East,8,136.82245338766856,137
2026-04-01 07:00:00,230,Times Sq/Theatre District,8,83.37988914066457,83
2026-04-01 07:00:00,142,Lincoln Square East,8,98.10947936512389,98
2026-04-01 07:00:00,138,LaGuardia Airport,8,44.550859691506474,45
2026-04-01 07:00:00,170,Murray Hill,8,107.22322775585712,107
2026-04-01 08:00:00,237,Upper East Side South,9,246.79578557836035,247
2026-04-01 08:00:00,132,JFK Airport,9,152.8193081540241,153
2026-04-01 08:00:00,161,Midtown Center,9,157.8978874045392,158
2026-04-01 08:00:00,236,Upper East Side North,9,316.81829616995253,317
2026-04-01 08:00:00,186,Penn Station/Madison Sq West,9,256.3993763653174,256
2026-04-01 08:00:00,162,Midtown East,9,180.64202308999347,181
2026-04-01 08:00:00,230,Times Sq/Theatre District,9,124.04426987812592,124
2026-04-01 08:00:00,142,Lincoln Square East,9,161.02920946448032,161
2026-04-01 08:00:00,138,LaGuardia Airport,9,76.96137913230287,77
2026-04-01 08:00:00,170,Murray Hill,9,165.3675956339798,165
2026-04-01 09:00:00,237,Upper East Side South,10,286.7375655874925,287
2026-04-01 09:00:00,132,JFK Airport,10,114.814349417893,115
2026-04-01 09:00:00,161,Midtown Center,10,177.62461951721883,178
2026-04-01 09:00:00,236,Upper East Side North,10,331.7090486644098,332
2026-04-01 09:00:00,186,Penn Station/Madison Sq West,10,277.2727044204117,277
2026-04-01 09:00:00,162,Midtown East,10,198.08666042697934,198
2026-04-01 09:00:00,230,Times Sq/Theatre District,10,147.89812554199258,148
2026-04-01 09:00:00,142,Lincoln Square East,10,174.29989229254454,174
2026-04-01 09:00:00,138,LaGuardia Airport,10,108.55194583900507,109
2026-04-01 09:00:00,170,Murray Hill,10,192.82036267181672,193
2026-04-01 10:00:00,237,Upper East Side South,11,295.4837997077342,295
2026-04-01 10:00:00,132,JFK Airport,11,115.90238380905804,116
2026-04-01 10:00:00,161,Midtown Center,11,195.82955748415793,196
2026-04-01 10:00:00,236,Upper East Side North,11,310.6322561386238,311
2026-04-01 10:00:00,186,Penn Station/Madison Sq West,11,235.24352994772363,235
2026-04-01 10:00:00,162,Midtown East,11,193.2777846376868,193
2026-04-01 10:00:00,230,Times Sq/Theatre District,11,147.7165678525461,148
2026-04-01 10:00:00,142,Lincoln Square East,11,176.90191068749294,177
2026-04-01 10:00:00,138,LaGuardia Airport,11,117.3161297268498,117
2026-04-01 10:00:00,170,Murray Hill,11,185.03693931772898,185
2026-04-01 11:00:00,237,Upper East Side South,12,312.61172962695343,313
2026-04-01 11:00:00,132,JFK Airport,12,129.14391205020988,129
2026-04-01 11:00:00,161,Midtown Center,12,249.60784531770454,250
2026-04-01 11:00:00,236,Upper East Side North,12,303.7103310225464,304
2026-04-01 11:00:00,186,Penn Station/Madison Sq West,12,248.54033672193313,249
2026-04-01 11:00:00,162,Midtown East,12,204.12295065451224,204
2026-04-01 11:00:00,230,Times Sq/Theatre District,12,151.4026129234873,151
2026-04-01 11:00:00,142,Lincoln Square East,12,180.95968817269338,181
2026-04-01 11:00:00,138,LaGuardia Airport,12,121.92503139151404,122
2026-04-01 11:00:00,170,Murray Hill,12,185.10351713475927,185
2026-04-01 12:00:00,237,Upper East Side South,13,359.1214109232642,359
2026-04-01 12:00:00,132,JFK Airport,13,140.28385987195026,140
2026-04-01 12:00:00,161,Midtown Center,13,288.32499788901043,288
2026-04-01 12:00:00,236,Upper East Side North,13,350.56118081650334,351
2026-04-01 12:00:00,186,Penn Station/Madison Sq West,13,212.7577368303989,213
2026-04-01 12:00:00,162,Midtown East,13,209.72490183606757,210
2026-04-01 12:00:00,230,Times Sq/Theatre District,13,155.5113570870777,156
2026-04-01 12:00:00,142,Lincoln Square East,13,183.4006519721898,183
2026-04-01 12:00:00,138,LaGuardia Airport,13,130.66617175484194,131
2026-04-01 12:00:00,170,Murray Hill,13,208.435879478115,208
2026-04-01 13:00:00,237,Upper East Side South,14,400.2873911842883,400
2026-04-01 13:00:00,132,JFK Airport,14,181.27004927481,181
2026-04-01 13:00:00,161,Midtown Center,14,328.18357758224926,328
2026-04-01 13:00:00,236,Upper East Side North,14,321.89410684682446,322
2026-04-01 13:00:00,186,Penn Station/Madison Sq West,14,213.5863887257603,214
2026-04-01 13:00:00,162,Midtown East,14,223.45459863613146,223
2026-04-01 13:00:00,230,Times Sq/Theatre District,14,158.56508482297315,159
2026-04-01 13:00:00,142,Lincoln Square East,14,193.1952140789354,193
2026-04-01 13:00:00,138,LaGuardia Airport,14,129.81537392702825,130
2026-04-01 13:00:00,170,Murray Hill,14,202.02463410567586,202
2026-04-01 14:00:00,237,Upper East Side South,15,435.14463238991095,435
2026-04-01 14:00:00,132,JFK Airport,15,257.3810151573383,257
2026-04-01 14:00:00,161,Midtown Center,15,356.0716233157772,356
2026-04-01 14:00:00,236,Upper East Side North,15,325.69957560650295,326
2026-04-01 14:00:00,186,Penn Station/Madison Sq West,15,187.3041203501083,187
2026-04-01 14:00:00,162,Midtown East,15,240.68040249309416,241
2026-04-01 14:00:00,230,Times Sq/Theatre District,15,165.7390257568035,166
2026-04-01 14:00:00,142,Lincoln Square East,15,191.31664710716421,191
2026-04-01 14:00:00,138,LaGuardia Airport,15,144.87703981202569,145
2026-04-01 14:00:00,170,Murray Hill,15,203.0431068153066,203
2026-04-01 15:00:00,237,Upper East Side South,16,438.9599132860115,439
2026-04-01 15:00:00,132,JFK Airport,16,330.3776414764241,330
2026-04-01 15:00:00,161,Midtown Center,16,376.5985913042753,377
2026-04-01 15:00:00,236,Upper East Side North,16,336.21760429318385,336
2026-04-01 15:00:00,186,Penn Station/Madison Sq West,16,195.98130737493904,196
2026-04-01 15:00:00,162,Midtown East,16,246.98993501238388,247
2026-04-01 15:00:00,230,Times Sq/Theatre District,16,192.82252369996485,193
2026-04-01 15:00:00,142,Lincoln Square East,16,201.25047176465134,201
2026-04-01 15:00:00,138,LaGuardia Airport,16,184.31258425131261,184
2026-04-01 15:00:00,170,Murray Hill,16,204.02842523280137,204
2026-04-01 16:00:00,237,Upper East Side South,17,417.01894391977135,417
2026-04-01 16:00:00,132,JFK Airport,17,367.95351516262434,368
2026-04-01 16:00:00,161,Midtown Center,17,432.8139360952794,433
2026-04-01 16:00:00,236,Upper East Side North,17,310.20482465292207,310
2026-04-01 16:00:00,186,Penn Station/Madison Sq West,17,193.4483086397447,193
2026-04-01 16:00:00,162,Midtown East,17,284.08261048088593,284
2026-04-01 16:00:00,230,Times Sq/Theatre District,17,243.0302433325012,243
2026-04-01 16:00:00,142,Lincoln Square East,17,188.29583502462285,188
2026-04-01 16:00:00,138,LaGuardia Airport,17,182.37318718774563,182
2026-04-01 16:00:00,170,Murray Hill,17,219.2969580863155,219
2026-04-01 17:00:00,237,Upper East Side South,18,433.06794558226085,433
2026-04-01 17:00:00,132,JFK Airport,18,338.0114393190215,338
2026-04-01 17:00:00,161,Midtown Center,18,508.75020266144577,509
2026-04-01 17:00:00,236,Upper East Side North,18,330.74600040847315,331
2026-04-01 17:00:00,186,Penn Station/Madison Sq West,18,209.63759127821734,210
2026-04-01 17:00:00,162,Midtown East,18,368.99356983015514,369
2026-04-01 17:00:00,230,Times Sq/Theatre District,18,273.9562119926057,274
2026-04-01 17:00:00,142,Lincoln Square East,18,215.29310732991024,215
2026-04-01 17:00:00,138,LaGuardia Airport,18,185.31142793979853,185
2026-04-01 17:00:00,170,Murray Hill,18,257.708966546906,258
2026-04-01 18:00:00,237,Upper East Side South,19,409.82650840721624,410
2026-04-01 18:00:00,132,JFK Airport,19,303.555787741206,304
2026-04-01 18:00:00,161,Midtown Center,19,560.2957050788028,560
2026-04-01 18:00:00,236,Upper East Side North,19,321.3480622192481,321
2026-04-01 18:00:00,186,Penn Station/Madison Sq West,19,207.78628457429846,208
2026-04-01 18:00:00,162,Midtown East,19,377.53274404200744,378
2026-04-01 18:00:00,230,Times Sq/Theatre District,19,283.2555978761983,283
2026-04-01 18:00:00,142,Lincoln Square East,19,244.48378484599033,244
2026-04-01 18:00:00,138,LaGuardia Airport,19,179.7382749546879,180
2026-04-01 18:00:00,170,Murray Hill,19,274.6775189334328,275
2026-04-01 19:00:00,237,Upper East Side South,20,346.6068453587623,347
2026-04-01 19:00:00,132,JFK Airport,20,314.99121863477103,315
2026-04-01 19:00:00,161,Midtown Center,20,518.3894719737696,518
2026-04-01 19:00:00,236,Upper East Side North,20,239.25203496867735,239
2026-04-01 19:00:00,186,Penn Station/Madison Sq West,20,194.917912869804,195
2026-04-01 19:00:00,162,Midtown East,20,360.0211027390841,360
2026-04-01 19:00:00,230,Times Sq/Theatre District,20,261.04841825974825,261
2026-04-01 19:00:00,142,Lincoln Square East,20,214.0265154569235,214
2026-04-01 19:00:00,138,LaGuardia Airport,20,190.92675833051135,191
2026-04-01 19:00:00,170,Murray Hill,20,241.03185635172002,241
2026-04-01 20:00:00,237,Upper East Side South,21,331.5143110371687,332
2026-04-01 20:00:00,132,JFK Airport,21,363.57479558263776,364
2026-04-01 20:00:00,161,Midtown Center,21,578.2819471936322,578
2026-04-01 20:00:00,236,Upper East Side North,21,201.63508982629818,202
2026-04-01 20:00:00,186,Penn Station/Madison Sq West,21,173.801422371844,174
2026-04-01 20:00:00,162,Midtown East,21,347.94278178779354,348
2026-04-01 20:00:00,230,Times Sq/Theatre District,21,316.4600574752719,316
2026-04-01 20:00:00,142,Lincoln Square East,21,221.68822397462657,222
2026-04-01 20:00:00,138,LaGuardia Airport,21,161.29517116585632,161
2026-04-01 20:00:00,170,Murray Hill,21,231.77011654397992,232
2026-04-01 21:00:00,237,Upper East Side South,22,337.3125960445668,337
2026-04-01 21:00:00,132,JFK Airport,22,361.29410726087946,361
2026-04-01 21:00:00,161,Midtown Center,22,620.2177328384171,620
2026-04-01 21:00:00,236,Upper East Side North,22,176.0502713986665,176
2026-04-01 21:00:00,186,Penn Station/Madison Sq West,22,186.60316859040535,187
2026-04-01 21:00:00,162,Midtown East,22,299.9344585168553,300
2026-04-01 21:00:00,230,Times Sq/Theatre District,22,503.1551273065412,503
2026-04-01 21:00:00,142,Lincoln Square East,22,280.3307848443287,280
2026-04-01 21:00:00,138,LaGuardia Airport,22,157.56146709388335,158
2026-04-01 21:00:00,170,Murray Hill,22,226.49956356386343,226
2026-04-01 22:00:00,237,Upper East Side South,23,229.42270005317806,229
2026-04-01 22:00:00,132,JFK Airport,23,358.8037581329381,359
2026-04-01 22:00:00,161,Midtown Center,23,399.9828480127678,400
2026-04-01 22:00:00,236,Upper East Side North,23,105.07543770830904,105
2026-04-01 22:00:00,186,Penn Station/Madison Sq West,23,215.18115521393906,215
2026-04-01 22:00:00,162,Midtown East,23,190.79110811875353,191
2026-04-01 22:00:00,230,Times Sq/Theatre District,23,489.3802317183369,489
2026-04-01 22:00:00,142,Lincoln Square East,23,245.29764417949139,245
2026-04-01 22:00:00,138,LaGuardia Airport,23,139.34331787522632,139
2026-04-01 22:00:00,170,Murray Hill,23,179.3528187635698,179
2026-04-01 23:00:00,237,Upper East Side South,24,111.6049388795585,112
2026-04-01 23:00:00,132,JFK Airport,24,310.6273165176232,311
2026-04-01 23:00:00,161,Midtown Center,24,177.87519286765522,178
2026-04-01 23:00:00,236,Upper East Side North,24,46.326481094417865,46
2026-04-01 23:00:00,186,Penn Station/Madison Sq West,24,160.63977873403073,161
2026-04-01 23:00:00,162,Midtown East,24,104.32371076710606,104
2026-04-01 23:00:00,230,Times Sq/Theatre District,24,222.37219240202054,222
2026-04-01 23:00:00,142,Lincoln Square East,24,218.67640081430582,219
2026-04-01 23:00:00,138,LaGuardia Airport,24,140.53866395102938,141
2026-04-01 23:00:00,170,Murray Hill,24,108.84814222171973,109
2026-04-02 00:00:00,237,Upper East Side South,25,49.659032595912485,50
2026-04-02 00:00:00,132,JFK Airport,25,199.26066125218924,199
2026-04-02 00:00:00,161,Midtown Center,25,73.61810028747853,74
2026-04-02 00:00:00,236,Upper East Side North,25,20.297860791935705,20
2026-04-02 00:00:00,186,Penn Station/Madison Sq West,25,110.71976337697257,111
2026-04-02 00:00:00,162,Midtown East,25,50.17996111709044,50
2026-04-02 00:00:00,230,Times Sq/Theatre District,25,112.51706978931878,113
2026-04-02 00:00:00,142,Lincoln Square East,25,121.83680685608071,122
2026-04-02 00:00:00,138,LaGuardia Airport,25,116.60769641680182,117
2026-04-02 00:00:00,170,Murray Hill,25,53.083394518176476,53
2026-04-02 01:00:00,237,Upper East Side South,26,20.235752897591578,20
2026-04-02 01:00:00,132,JFK Airport,26,112.06662425293527,112
2026-04-02 01:00:00,161,Midtown Center,26,31.936657231229468,32
2026-04-02 01:00:00,236,Upper East Side North,26,8.563201514337857,9
2026-04-02 01:00:00,186,Penn Station/Madison Sq West,26,61.563463222924696,62
2026-04-02 01:00:00,162,Midtown East,26,24.655580915953077,25
2026-04-02 01:00:00,230,Times Sq/Theatre District,26,45.31580440034045,45
2026-04-02 01:00:00,142,Lincoln Square East,26,39.833031308700015,40
2026-04-02 01:00:00,138,LaGuardia Airport,26,53.64024857038363,54
2026-04-02 01:00:00,170,Murray Hill,26,25.059605686408325,25
2026-04-02 02:00:00,237,Upper East Side South,27,9.068143056904706,9
2026-04-02 02:00:00,132,JFK Airport,27,39.42025242452955,39
2026-04-02 02:00:00,161,Midtown Center,27,11.532113879424923,12
2026-04-02 02:00:00,236,Upper East Side North,27,4.701389214250662,5
2026-04-02 02:00:00,186,Penn Station/Madison Sq West,27,24.53865583987588,25
2026-04-02 02:00:00,162,Midtown East,27,11.107178276323,11
2026-04-02 02:00:00,230,Times Sq/Theatre District,27,25.90648799233004,26
2026-04-02 02:00:00,142,Lincoln Square East,27,14.682507700873293,15
2026-04-02 02:00:00,138,LaGuardia Airport,27,25.063359770904572,25
2026-04-02 02:00:00,170,Murray Hill,27,11.555130343368752,12
2026-04-02 03:00:00,237,Upper East Side South,28,5.257133416490593,5
2026-04-02 03:00:00,132,JFK Airport,28,19.518286211801318,20
2026-04-02 03:00:00,161,Midtown Center,28,6.6350363272021475,7
2026-04-02 03:00:00,236,Upper East Side North,28,3.7089719048736924,4
2026-04-02 03:00:00,186,Penn Station/Madison Sq West,28,12.293004665393255,12
2026-04-02 03:00:00,162,Midtown East,28,5.312222238814206,5
2026-04-02 03:00:00,230,Times Sq/Theatre District,28,18.217915518605672,18
2026-04-02 03:00:00,142,Lincoln Square East,28,5.546576984089574,6
2026-04-02 03:00:00,138,LaGuardia Airport,28,10.515993358366154,11
2026-04-02 03:00:00,170,Murray Hill,28,7.532432571217577,8
2026-04-02 04:00:00,237,Upper East Side South,29,7.911051886614837,8
2026-04-02 04:00:00,132,JFK Airport,29,16.8632414109602,17
2026-04-02 04:00:00,161,Midtown Center,29,14.539872874739785,15
2026-04-02 04:00:00,236,Upper East Side North,29,7.919568708550333,8
2026-04-02 04:00:00,186,Penn Station/Madison Sq West,29,13.344515401903958,13
2026-04-02 04:00:00,162,Midtown East,29,9.459990010120258,9
2026-04-02 04:00:00,230,Times Sq/Theatre District,29,21.135331251953357,21
2026-04-02 04:00:00,142,Lincoln Square East,29,7.754730124151228,8
2026-04-02 04:00:00,138,LaGuardia Airport,29,6.4098397111949454,6
2026-04-02 04:00:00,170,Murray Hill,29,6.75953940173631,7
2026-04-02 05:00:00,237,Upper East Side South,30,19.011014845096316,19
2026-04-02 05:00:00,132,JFK Airport,30,41.53947308032789,42
2026-04-02 05:00:00,161,Midtown Center,30,22.628720829349323,23
2026-04-02 05:00:00,236,Upper East Side North,30,20.693534573504714,21
2026-04-02 05:00:00,186,Penn Station/Madison Sq West,30,45.377771257570586,45
2026-04-02 05:00:00,162,Midtown East,30,23.41065054959722,23
2026-04-02 05:00:00,230,Times Sq/Theatre District,30,24.211417318587586,24
2026-04-02 05:00:00,142,Lincoln Square East,30,17.407558353758873,17
2026-04-02 05:00:00,138,LaGuardia Airport,30,7.379080134564925,7
2026-04-02 05:00:00,170,Murray Hill,30,20.93477759549762,21
2026-04-02 06:00:00,237,Upper East Side South,31,48.370974967211126,48
2026-04-02 06:00:00,132,JFK Airport,31,101.41854107218799,101
2026-04-02 06:00:00,161,Midtown Center,31,50.32370465218039,50
2026-04-02 06:00:00,236,Upper East Side North,31,71.64382136364645,72
2026-04-02 06:00:00,186,Penn Station/Madison Sq West,31,115.88605952612613,116
2026-04-02 06:00:00,162,Midtown East,31,72.03822030931833,72
2026-04-02 06:00:00,230,Times Sq/Theatre District,31,38.97709857182463,39
2026-04-02 06:00:00,142,Lincoln Square East,31,42.046560163955064,42
2026-04-02 06:00:00,138,LaGuardia Airport,31,21.182453232319357,21
2026-04-02 06:00:00,170,Murray Hill,31,51.65589059839294,52
2026-04-02 07:00:00,237,Upper East Side South,32,136.0553218621198,136
2026-04-02 07:00:00,132,JFK Airport,32,151.80970367788578,152
2026-04-02 07:00:00,161,Midtown Center,32,90.80341695679424,91
2026-04-02 07:00:00,236,Upper East Side North,32,184.18594317070279,184
2026-04-02 07:00:00,186,Penn Station/Madison Sq West,32,198.14648483388902,198
2026-04-02 07:00:00,162,Midtown East,32,132.88386087249685,133
2026-04-02 07:00:00,230,Times Sq/Theatre District,32,81.20275142948688,81
2026-04-02 07:00:00,142,Lincoln Square East,32,103.27239878460712,103
2026-04-02 07:00:00,138,LaGuardia Airport,32,51.98238246413196,52
2026-04-02 07:00:00,170,Murray Hill,32,112.38569295724247,112
2026-04-02 08:00:00,237,Upper East Side South,33,223.56719840586783,224
2026-04-02 08:00:00,132,JFK Airport,33,131.6429866493287,132
2026-04-02 08:00:00,161,Midtown Center,33,148.69490117486225,149
2026-04-02 08:00:00,236,Upper East Side North,33,286.4292147175986,286
2026-04-02 08:00:00,186,Penn Station/Madison Sq West,33,254.7526318687568,255
2026-04-02 08:00:00,162,Midtown East,33,189.77020689808248,190
2026-04-02 08:00:00,230,Times Sq/Theatre District,33,128.5230849016223,129
2026-04-02 08:00:00,142,Lincoln Square East,33,162.29975429792938,162
2026-04-02 08:00:00,138,LaGuardia Airport,33,69.3150589284168,69
2026-04-02 08:00:00,170,Murray Hill,33,160.98966665164482,161
2026-04-02 09:00:00,237,Upper East Side South,34,271.29432427347183,271
2026-04-02 09:00:00,132,JFK Airport,34,116.13085624121433,116
2026-04-02 09:00:00,161,Midtown Center,34,188.112160037334,188
2026-04-02 09:00:00,236,Upper East Side North,34,319.03261984562346,319
2026-04-02 09:00:00,186,Penn Station/Madison Sq West,34,255.9793444884107,256
2026-04-02 09:00:00,162,Midtown East,34,189.32277278238382,189
2026-04-02 09:00:00,230,Times Sq/Theatre District,34,154.19373579265437,154
2026-04-02 09:00:00,142,Lincoln Square East,34,169.225274863302,169
2026-04-02 09:00:00,138,LaGuardia Airport,34,93.83285812283805,94
2026-04-02 09:00:00,170,Murray Hill,34,181.69918819316658,182
2026-04-02 10:00:00,237,Upper East Side South,35,291.7405625865162,292
2026-04-02 10:00:00,132,JFK Airport,35,114.00534031786884,114
2026-04-02 10:00:00,161,Midtown Center,35,222.18875538092868,222
2026-04-02 10:00:00,236,Upper East Side North,35,318.0381598064363,318
2026-04-02 10:00:00,186,Penn Station/Madison Sq West,35,239.12714220158418,239
2026-04-02 10:00:00,162,Midtown East,35,189.91960437433767,190
2026-04-02 10:00:00,230,Times Sq/Theatre District,35,159.2658221117442,159
2026-04-02 10:00:00,142,Lincoln Square East,35,173.98255474443096,174
2026-04-02 10:00:00,138,LaGuardia Airport,35,112.36201514325009,112
2026-04-02 10:00:00,170,Murray Hill,35,181.73502349629683,182
2026-04-02 11:00:00,237,Upper East Side South,36,322.3768303508239,322
2026-04-02 11:00:00,132,JFK Airport,36,129.2478527223047,129
2026-04-02 11:00:00,161,Midtown Center,36,253.29845018869753,253
2026-04-02 11:00:00,236,Upper East Side North,36,318.31491299004114,318
2026-04-02 11:00:00,186,Penn Station/Madison Sq West,36,249.74616187066482,250
2026-04-02 11:00:00,162,Midtown East,36,203.2493536657236,203
2026-04-02 11:00:00,230,Times Sq/Theatre District,36,156.88696585536354,157
2026-04-02 11:00:00,142,Lincoln Square East,36,190.07611505195766,190
2026-04-02 11:00:00,138,LaGuardia Airport,36,119.32029580327301,119
2026-04-02 11:00:00,170,Murray Hill,36,180.0211326077236,180
2026-04-02 12:00:00,237,Upper East Side South,37,355.556792062651,356
2026-04-02 12:00:00,132,JFK Airport,37,127.23811675520137,127
2026-04-02 12:00:00,161,Midtown Center,37,305.0011050329621,305
2026-04-02 12:00:00,236,Upper East Side North,37,334.92779345663484,335
2026-04-02 12:00:00,186,Penn Station/Madison Sq West,37,210.85182341532732,211
2026-04-02 12:00:00,162,Midtown East,37,215.24184070310153,215
2026-04-02 12:00:00,230,Times Sq/Theatre District,37,160.53505856943863,161
2026-04-02 12:00:00,142,Lincoln Square East,37,195.6999624026849,196
2026-04-02 12:00:00,138,LaGuardia Airport,37,136.94758674030572,137
2026-04-02 12:00:00,170,Murray Hill,37,196.40448109774314,196
2026-04-02 13:00:00,237,Upper East Side South,38,376.6981873891021,377
2026-04-02 13:00:00,132,JFK Airport,38,182.04348380888533,182
2026-04-02 13:00:00,161,Midtown Center,38,338.98578679392176,339
2026-04-02 13:00:00,236,Upper East Side North,38,320.34261774785847,320
2026-04-02 13:00:00,186,Penn Station/Madison Sq West,38,216.27456921251851,216
2026-04-02 13:00:00,162,Midtown East,38,219.73199239281865,220
2026-04-02 13:00:00,230,Times Sq/Theatre District,38,156.88922395353583,157
2026-04-02 13:00:00,142,Lincoln Square East,38,188.55585231677367,189
2026-04-02 13:00:00,138,LaGuardia Airport,38,140.77570975365524,141
2026-04-02 13:00:00,170,Murray Hill,38,200.8797375871317,201
2026-04-02 14:00:00,237,Upper East Side South,39,409.7278604188603,410
2026-04-02 14:00:00,132,JFK Airport,39,242.92679210234695,243
2026-04-02 14:00:00,161,Midtown Center,39,383.70626956263595,384
2026-04-02 14:00:00,236,Upper East Side North,39,333.32189424384654,333
2026-04-02 14:00:00,186,Penn Station/Madison Sq West,39,195.65407240078164,196
2026-04-02 14:00:00,162,Midtown East,39,245.526590600282,246
2026-04-02 14:00:00,230,Times Sq/Theatre District,39,168.70148765001642,169
2026-04-02 14:00:00,142,Lincoln Square East,39,194.4365590661511,194
2026-04-02 14:00:00,138,LaGuardia Airport,39,159.27452949257471,159
2026-04-02 14:00:00,170,Murray Hill,39,212.03787757861164,212
2026-04-02 15:00:00,237,Upper East Side South,40,418.66514814460044,419
2026-04-02 15:00:00,132,JFK Airport,40,336.68185651045803,337
2026-04-02 15:00:00,161,Midtown Center,40,410.9774108176459,411
2026-04-02 15:00:00,236,Upper East Side North,40,340.87405581767155,341
2026-04-02 15:00:00,186,Penn Station/Madison Sq West,40,215.31713465138785,215
2026-04-02 15:00:00,162,Midtown East,40,263.4228226520669,263
2026-04-02 15:00:00,230,Times Sq/Theatre District,40,178.06555145131924,178
2026-04-02 15:00:00,142,Lincoln Square East,40,206.43083219843606,206
2026-04-02 15:00:00,138,LaGuardia Airport,40,182.4809674637099,182
2026-04-02 15:00:00,170,Murray Hill,40,222.51838202572782,223
2026-04-02 16:00:00,237,Upper East Side South,41,416.66166809427546,417
2026-04-02 16:00:00,132,JFK Airport,41,386.399023354924,386
2026-04-02 16:00:00,161,Midtown Center,41,436.32298989765843,436
2026-04-02 16:00:00,236,Upper East Side North,41,315.23873792608464,315
2026-04-02 16:00:00,186,Penn Station/Madison Sq West,41,201.59366675325572,202
2026-04-02 16:00:00,162,Midtown East,41,311.3354319659473,311
2026-04-02 16:00:00,230,Times Sq/Theatre District,41,193.84658831978243,194
2026-04-02 16:00:00,142,Lincoln Square East,41,203.50517134673322,204
2026-04-02 16:00:00,138,LaGuardia Airport,41,198.65429673775338,199
2026-04-02 16:00:00,170,Murray Hill,41,238.77488719284463,239
2026-04-02 17:00:00,237,Upper East Side South,42,446.90605438635487,447
2026-04-02 17:00:00,132,JFK Airport,42,357.80501040514315,358
2026-04-02 17:00:00,161,Midtown Center,42,510.1879805024449,510
2026-04-02 17:00:00,236,Upper East Side North,42,339.16489769394457,339
2026-04-02 17:00:00,186,Penn Station/Madison Sq West,42,229.13985168359835,229
2026-04-02 17:00:00,162,Midtown East,42,374.0935934952796,374
2026-04-02 17:00:00,230,Times Sq/Theatre District,42,242.74545361684022,243
2026-04-02 17:00:00,142,Lincoln Square East,42,214.4489461728101,214
2026-04-02 17:00:00,138,LaGuardia Airport,42,182.2057880582965,182
2026-04-02 17:00:00,170,Murray Hill,42,261.7390255250865,262
2026-04-02 18:00:00,237,Upper East Side South,43,422.5571786886644,423
2026-04-02 18:00:00,132,JFK Airport,43,319.97122707953446,320
2026-04-02 18:00:00,161,Midtown Center,43,543.7487280709954,544
2026-04-02 18:00:00,236,Upper East Side North,43,312.2030719798022,312
2026-04-02 18:00:00,186,Penn Station/Madison Sq West,43,242.5346264576417,243
2026-04-02 18:00:00,162,Midtown East,43,396.7190022827176,397
2026-04-02 18:00:00,230,Times Sq/Theatre District,43,256.90983818860803,257
2026-04-02 18:00:00,142,Lincoln Square East,43,246.6952975445597,247
2026-04-02 18:00:00,138,LaGuardia Airport,43,184.26482348410156,184
2026-04-02 18:00:00,170,Murray Hill,43,305.78688350976734,306
2026-04-02 19:00:00,237,Upper East Side South,44,351.49148409201507,351
2026-04-02 19:00:00,132,JFK Airport,44,315.09597285705934,315
2026-04-02 19:00:00,161,Midtown Center,44,523.2519444257803,523
2026-04-02 19:00:00,236,Upper East Side North,44,251.8210270540093,252
2026-04-02 19:00:00,186,Penn Station/Madison Sq West,44,226.14469877809168,226
2026-04-02 19:00:00,162,Midtown East,44,345.85398660146416,346
2026-04-02 19:00:00,230,Times Sq/Theatre District,44,244.22293086129613,244
2026-04-02 19:00:00,142,Lincoln Square East,44,210.52314945455572,211
2026-04-02 19:00:00,138,LaGuardia Airport,44,171.99801703073567,172
2026-04-02 19:00:00,170,Murray Hill,44,264.82239334416056,265
2026-04-02 20:00:00,237,Upper East Side South,45,316.77475290507505,317
2026-04-02 20:00:00,132,JFK Airport,45,348.81701535082937,349
2026-04-02 20:00:00,161,Midtown Center,45,535.7367499562489,536
2026-04-02 20:00:00,236,Upper East Side North,45,221.40376825311202,221
2026-04-02 20:00:00,186,Penn Station/Madison Sq West,45,187.1737768017113,187
2026-04-02 20:00:00,162,Midtown East,45,309.5242160784111,310
2026-04-02 20:00:00,230,Times Sq/Theatre District,45,284.9334912956759,285
2026-04-02 20:00:00,142,Lincoln Square East,45,207.60546200725653,208
2026-04-02 20:00:00,138,LaGuardia Airport,45,148.80730480056647,149
2026-04-02 20:00:00,170,Murray Hill,45,254.16185572525197,254
2026-04-02 21:00:00,237,Upper East Side South,46,302.93926684310657,303
2026-04-02 21:00:00,132,JFK Airport,46,338.0714151609937,338
2026-04-02 21:00:00,161,Midtown Center,46,565.0670596515093,565
2026-04-02 21:00:00,236,Upper East Side North,46,202.59649642077704,203
2026-04-02 21:00:00,186,Penn Station/Madison Sq West,46,189.953676306955,190
2026-04-02 21:00:00,162,Midtown East,46,265.5426879809085,266
2026-04-02 21:00:00,230,Times Sq/Theatre District,46,487.6537548865489,488
2026-04-02 21:00:00,142,Lincoln Square East,46,254.40158234445923,254
2026-04-02 21:00:00,138,LaGuardia Airport,46,149.31635488081923,149
2026-04-02 21:00:00,170,Murray Hill,46,254.03222947433363,254
2026-04-02 22:00:00,237,Upper East Side South,47,243.87024513923373,244
2026-04-02 22:00:00,132,JFK Airport,47,353.68255368234236,354
2026-04-02 22:00:00,161,Midtown Center,47,455.43657938776164,455
2026-04-02 22:00:00,236,Upper East Side North,47,136.66659097486254,137
2026-04-02 22:00:00,186,Penn Station/Madison Sq West,47,231.76131823170024,232
2026-04-02 22:00:00,162,Midtown East,47,221.6878271732365,222
2026-04-02 22:00:00,230,Times Sq/Theatre District,47,489.513278536963,490
2026-04-02 22:00:00,142,Lincoln Square East,47,223.04408353255852,223
2026-04-02 22:00:00,138,LaGuardia Airport,47,136.2182233704882,136
2026-04-02 22:00:00,170,Murray Hill,47,220.3366888085777,220
2026-04-02 23:00:00,237,Upper East Side South,48,134.33505845213014,134
2026-04-02 23:00:00,132,JFK Airport,48,329.80260448286407,330
2026-04-02 23:00:00,161,Midtown Center,48,264.1589377424369,264
2026-04-02 23:00:00,236,Upper East Side North,48,63.989171188685944,64
2026-04-02 23:00:00,186,Penn Station/Madison Sq West,48,212.5420994304324,213
2026-04-02 23:00:00,162,Midtown East,48,132.8850562871133,133
2026-04-02 23:00:00,230,Times Sq/Theatre District,48,280.19677337963543,280
2026-04-02 23:00:00,142,Lincoln Square East,48,164.94229448431506,165
2026-04-02 23:00:00,138,LaGuardia Airport,48,116.88352472693548,117
2026-04-02 23:00:00,170,Murray Hill,48,159.22983757044298,159
2026-04-03 00:00:00,237,Upper East Side South,49,65.57517092995964,66
2026-04-03 00:00:00,132,JFK Airport,49,249.3252427373094,249
2026-04-03 00:00:00,161,Midtown Center,49,115.64505752620451,116
2026-04-03 00:00:00,236,Upper East Side North,49,27.95179541055493,28
2026-04-03 00:00:00,186,Penn Station/Madison Sq West,49,142.76071479288527,143
2026-04-03 00:00:00,162,Midtown East,49,71.46470366165548,71
2026-04-03 00:00:00,230,Times Sq/Theatre District,49,153.10308876610026,153
2026-04-03 00:00:00,142,Lincoln Square East,49,74.71930676056908,75
2026-04-03 00:00:00,138,LaGuardia Airport,49,113.25836307745865,113
2026-04-03 00:00:00,170,Murray Hill,49,99.69271742414276,100
2026-04-03 01:00:00,237,Upper East Side South,50,30.052070076470613,30
2026-04-03 01:00:00,132,JFK Airport,50,150.7066867182242,151
2026-04-03 01:00:00,161,Midtown Center,50,42.71176047010526,43
2026-04-03 01:00:00,236,Upper East Side North,50,12.645026445357212,13
2026-04-03 01:00:00,186,Penn Station/Madison Sq West,50,68.21653956682825,68
2026-04-03 01:00:00,162,Midtown East,50,32.86333277471194,33
2026-04-03 01:00:00,230,Times Sq/Theatre District,50,64.98227037816382,65
2026-04-03 01:00:00,142,Lincoln Square East,50,36.47050668692809,36
2026-04-03 01:00:00,138,LaGuardia Airport,50,87.07917895016564,87
2026-04-03 01:00:00,170,Murray Hill,50,52.384119838475684,52
2026-04-03 02:00:00,237,Upper East Side South,51,12.793402742377951,13
2026-04-03 02:00:00,132,JFK Airport,51,63.549701507044354,64
2026-04-03 02:00:00,161,Midtown Center,51,21.735736607493116,22
2026-04-03 02:00:00,236,Upper East Side North,51,6.439208724273908,6
2026-04-03 02:00:00,186,Penn Station/Madison Sq West,51,32.196067240666025,32
2026-04-03 02:00:00,162,Midtown East,51,18.731301177060367,19
2026-04-03 02:00:00,230,Times Sq/Theatre District,51,35.17808397518809,35
2026-04-03 02:00:00,142,Lincoln Square East,51,18.563869667366042,19
2026-04-03 02:00:00,138,LaGuardia Airport,51,50.27657514875398,50
2026-04-03 02:00:00,170,Murray Hill,51,25.075605524244363,25
2026-04-03 03:00:00,237,Upper East Side South,52,9.265380636500163,9
2026-04-03 03:00:00,132,JFK Airport,52,21.390503902326213,21
2026-04-03 03:00:00,161,Midtown Center,52,12.800158199484326,13
2026-04-03 03:00:00,236,Upper East Side North,52,4.2358656159115755,4
2026-04-03 03:00:00,186,Penn Station/Madison Sq West,52,18.290730946023338,18
2026-04-03 03:00:00,162,Midtown East,52,10.745834288762353,11
2026-04-03 03:00:00,230,Times Sq/Theatre District,52,23.25510320228859,23
2026-04-03 03:00:00,142,Lincoln Square East,52,9.013224686284593,9
2026-04-03 03:00:00,138,LaGuardia Airport,52,23.351297144161208,23
2026-04-03 03:00:00,170,Murray Hill,52,11.43506402053156,11
2026-04-03 04:00:00,237,Upper East Side South,53,10.699603508618248,11
2026-04-03 04:00:00,132,JFK Airport,53,13.772222296447353,14
2026-04-03 04:00:00,161,Midtown Center,53,16.302242805062566,16
2026-04-03 04:00:00,236,Upper East Side North,53,7.311678786512197,7
2026-04-03 04:00:00,186,Penn Station/Madison Sq West,53,17.521951500774254,18
2026-04-03 04:00:00,162,Midtown East,53,11.75376984443999,12
2026-04-03 04:00:00,230,Times Sq/Theatre District,53,20.14698837060896,20
2026-04-03 04:00:00,142,Lincoln Square East,53,9.353228008514611,9
2026-04-03 04:00:00,138,LaGuardia Airport,53,9.371544375796224,9
2026-04-03 04:00:00,170,Murray Hill,53,15.039757364118895,15
2026-04-03 05:00:00,237,Upper East Side South,54,19.92891226650829,20
2026-04-03 05:00:00,132,JFK Airport,54,35.04652727105622,35
2026-04-03 05:00:00,161,Midtown Center,54,23.56571519262884,24
2026-04-03 05:00:00,236,Upper East Side North,54,20.350855793294954,20
2026-04-03 05:00:00,186,Penn Station/Madison Sq West,54,40.52807580229209,41
2026-04-03 05:00:00,162,Midtown East,54,26.161123362699847,26
2026-04-03 05:00:00,230,Times Sq/Theatre District,54,22.993027702291126,23
2026-04-03 05:00:00,142,Lincoln Square East,54,16.805925068416194,17
2026-04-03 05:00:00,138,LaGuardia Airport,54,7.191633316120829,7
2026-04-03 05:00:00,170,Murray Hill,54,20.148183431453866,20
2026-04-03 06:00:00,237,Upper East Side South,55,38.28121703041877,38
2026-04-03 06:00:00,132,JFK Airport,55,88.58487167871934,89
2026-04-03 06:00:00,161,Midtown Center,55,47.46214729787221,47
2026-04-03 06:00:00,236,Upper East Side North,55,57.58807256265685,58
2026-04-03 06:00:00,186,Penn Station/Madison Sq West,55,96.97790342757695,97
2026-04-03 06:00:00,162,Midtown East,55,61.659759407268794,62
2026-04-03 06:00:00,230,Times Sq/Theatre District,55,36.29864480422443,36
2026-04-03 06:00:00,142,Lincoln Square East,55,35.789981250331515,36
2026-04-03 06:00:00,138,LaGuardia Airport,55,14.26909799751561,14
2026-04-03 06:00:00,170,Murray Hill,55,38.61920534846725,39
2026-04-03 07:00:00,237,Upper East Side South,56,98.995284653823,99
2026-04-03 07:00:00,132,JFK Airport,56,149.17432435839126,149
2026-04-03 07:00:00,161,Midtown Center,56,75.69139198308802,76
2026-04-03 07:00:00,236,Upper East Side North,56,139.01403677905242,139
2026-04-03 07:00:00,186,Penn Station/Madison Sq West,56,146.37140802279615,146
2026-04-03 07:00:00,162,Midtown East,56,109.4183834133542,109
2026-04-03 07:00:00,230,Times Sq/Theatre District,56,57.69070888680498,58
2026-04-03 07:00:00,142,Lincoln Square East,56,83.21835197730451,83
2026-04-03 07:00:00,138,LaGuardia Airport,56,33.60345702735233,34
2026-04-03 07:00:00,170,Murray Hill,56,78.55678108127807,79
2026-04-03 08:00:00,237,Upper East Side South,57,168.28970051018962,168
2026-04-03 08:00:00,132,JFK Airport,57,161.92577770522408,162
2026-04-03 08:00:00,161,Midtown Center,57,112.04635709011343,112
2026-04-03 08:00:00,236,Upper East Side North,57,206.54868707229272,207
2026-04-03 08:00:00,186,Penn Station/Madison Sq West,57,173.5186770500101,174
2026-04-03 08:00:00,162,Midtown East,57,152.55176792709895,153
2026-04-03 08:00:00,230,Times Sq/Theatre District,57,90.91500090857359,91
2026-04-03 08:00:00,142,Lincoln Square East,57,133.6612536504911,134
2026-04-03 08:00:00,138,LaGuardia Airport,57,64.31516156420733,64
2026-04-03 08:00:00,170,Murray Hill,57,137.20490659686826,137
2026-04-03 09:00:00,237,Upper East Side South,58,216.57753055527337,217
2026-04-03 09:00:00,132,JFK Airport,58,130.2102410024257,130
2026-04-03 09:00:00,161,Midtown Center,58,157.5993670824434,158
2026-04-03 09:00:00,236,Upper East Side North,58,241.89099925195123,242
2026-04-03 09:00:00,186,Penn Station/Madison Sq West,58,190.76110380256836,191
2026-04-03 09:00:00,162,Midtown East,58,158.05885218133236,158
2026-04-03 09:00:00,230,Times Sq/Theatre District,58,122.28616054842432,122
2026-04-03 09:00:00,142,Lincoln Square East,58,155.72332403689455,156
2026-04-03 09:00:00,138,LaGuardia Airport,58,96.29155542374748,96
2026-04-03 09:00:00,170,Murray Hill,58,163.53049502897602,164
2026-04-03 10:00:00,237,Upper East Side South,59,251.89117518433528,252
2026-04-03 10:00:00,132,JFK Airport,59,122.99598477473246,123
2026-04-03 10:00:00,161,Midtown Center,59,203.0524303221841,203
2026-04-03 10:00:00,236,Upper East Side North,59,251.30373717655118,251
2026-04-03 10:00:00,186,Penn Station/Madison Sq West,59,192.53875642797107,193
2026-04-03 10:00:00,162,Midtown East,59,174.37278801970575,174
2026-04-03 10:00:00,230,Times Sq/Theatre District,59,143.03724684694453,143
2026-04-03 10:00:00,142,Lincoln Square East,59,164.85388488408645,165
2026-04-03 10:00:00,138,LaGuardia Airport,59,122.47223215735119,122
2026-04-03 10:00:00,170,Murray Hill,59,164.7470340243687,165
2026-04-03 11:00:00,237,Upper East Side South,60,272.5032177124305,273
2026-04-03 11:00:00,132,JFK Airport,60,115.75137298066416,116
2026-04-03 11:00:00,161,Midtown Center,60,237.901239359859,238
2026-04-03 11:00:00,236,Upper East Side North,60,286.83525452055625,287
2026-04-03 11:00:00,186,Penn Station/Madison Sq West,60,207.59904451703508,208
2026-04-03 11:00:00,162,Midtown East,60,197.9037185479001,198
2026-04-03 11:00:00,230,Times Sq/Theatre District,60,152.02603293687622,152
2026-04-03 11:00:00,142,Lincoln Square East,60,171.05675381790292,171
2026-04-03 11:00:00,138,LaGuardia Airport,60,125.68690927828715,126
2026-04-03 11:00:00,170,Murray Hill,60,168.54719924540962,169
2026-04-03 12:00:00,237,Upper East Side South,61,334.761403370007,335
2026-04-03 12:00:00,132,JFK Airport,61,139.9437130283059,140
2026-04-03 12:00:00,161,Midtown Center,61,269.57333164060236,270
2026-04-03 12:00:00,236,Upper East Side North,61,293.00020209463463,293
2026-04-03 12:00:00,186,Penn Station/Madison Sq West,61,204.55337510687974,205
2026-04-03 12:00:00,162,Midtown East,61,201.32872275362485,201
2026-04-03 12:00:00,230,Times Sq/Theatre District,61,155.96580854159777,156
2026-04-03 12:00:00,142,Lincoln Square East,61,180.85023906331622,181
2026-04-03 12:00:00,138,LaGuardia Airport,61,149.8164276790232,150
2026-04-03 12:00:00,170,Murray Hill,61,186.78024599832332,187
2026-04-03 13:00:00,237,Upper East Side South,62,359.95860474455947,360
2026-04-03 13:00:00,132,JFK Airport,62,198.32831126294795,198
2026-04-03 13:00:00,161,Midtown Center,62,301.3106678280428,301
2026-04-03 13:00:00,236,Upper East Side North,62,304.97745670851526,305
2026-04-03 13:00:00,186,Penn Station/Madison Sq West,62,219.01901284995694,219
2026-04-03 13:00:00,162,Midtown East,62,206.08254112127747,206
2026-04-03 13:00:00,230,Times Sq/Theatre District,62,150.14005228333073,150
2026-04-03 13:00:00,142,Lincoln Square East,62,188.28211397226505,188
2026-04-03 13:00:00,138,LaGuardia Airport,62,136.77780615824426,137
2026-04-03 13:00:00,170,Murray Hill,62,179.48409547502976,179
2026-04-03 14:00:00,237,Upper East Side South,63,402.6271099925617,403
2026-04-03 14:00:00,132,JFK Airport,63,244.60474464647848,245
2026-04-03 14:00:00,161,Midtown Center,63,332.35286610555096,332
2026-04-03 14:00:00,236,Upper East Side North,63,326.7015081491163,327
2026-04-03 14:00:00,186,Penn Station/Madison Sq West,63,205.4352141701454,205
2026-04-03 14:00:00,162,Midtown East,63,208.85550123297045,209
2026-04-03 14:00:00,230,Times Sq/Theatre District,63,153.5866938685834,154
2026-04-03 14:00:00,142,Lincoln Square East,63,204.09356331243714,204
2026-04-03 14:00:00,138,LaGuardia Airport,63,169.06657151274683,169
2026-04-03 14:00:00,170,Murray Hill,63,185.33123762204818,185
2026-04-03 15:00:00,237,Upper East Side South,64,400.93310478669935,401
2026-04-03 15:00:00,132,JFK Airport,64,347.3029225715109,347
2026-04-03 15:00:00,161,Midtown Center,64,362.5482526622365,363
2026-04-03 15:00:00,236,Upper East Side North,64,332.7460347186102,333
2026-04-03 15:00:00,186,Penn Station/Madison Sq West,64,212.1834059102306,212
2026-04-03 15:00:00,162,Midtown East,64,230.04189901111909,230
2026-04-03 15:00:00,230,Times Sq/Theatre District,64,169.2129583434764,169
2026-04-03 15:00:00,142,Lincoln Square East,64,200.56985949998455,201
2026-04-03 15:00:00,138,LaGuardia Airport,64,182.6511154507395,183
2026-04-03 15:00:00,170,Murray Hill,64,191.74547745078794,192
2026-04-03 16:00:00,237,Upper East Side South,65,388.9439207329766,389
2026-04-03 16:00:00,132,JFK Airport,65,361.78413749235284,362
2026-04-03 16:00:00,161,Midtown Center,65,406.2720967812586,406
2026-04-03 16:00:00,236,Upper East Side North,65,299.71140214792433,300
2026-04-03 16:00:00,186,Penn Station/Madison Sq West,65,207.60821016526808,208
2026-04-03 16:00:00,162,Midtown East,65,265.91392334817067,266
2026-04-03 16:00:00,230,Times Sq/Theatre District,65,187.80969657236372,188
2026-04-03 16:00:00,142,Lincoln Square East,65,192.65785465079782,193
2026-04-03 16:00:00,138,LaGuardia Airport,65,177.55871585283734,178
2026-04-03 16:00:00,170,Murray Hill,65,207.61765342203338,208
2026-04-03 17:00:00,237,Upper East Side South,66,414.17801162967334,414
2026-04-03 17:00:00,132,JFK Airport,66,356.17582702412824,356
2026-04-03 17:00:00,161,Midtown Center,66,436.5987935236627,437
2026-04-03 17:00:00,236,Upper East Side North,66,324.68819767948787,325
2026-04-03 17:00:00,186,Penn Station/Madison Sq West,66,228.52972963619496,229
2026-04-03 17:00:00,162,Midtown East,66,326.1142767301465,326
2026-04-03 17:00:00,230,Times Sq/Theatre District,66,210.42227285540278,210
2026-04-03 17:00:00,142,Lincoln Square East,66,201.12391366306102,201
2026-04-03 17:00:00,138,LaGuardia Airport,66,187.16790051538797,187
2026-04-03 17:00:00,170,Murray Hill,66,224.86921382887235,225
2026-04-03 18:00:00,237,Upper East Side South,67,390.68176130249503,391
2026-04-03 18:00:00,132,JFK Airport,67,339.77797159656757,340
2026-04-03 18:00:00,161,Midtown Center,67,439.96833787901926,440
2026-04-03 18:00:00,236,Upper East Side North,67,314.0873121581717,314
2026-04-03 18:00:00,186,Penn Station/Madison Sq West,67,256.8714848264344,257
2026-04-03 18:00:00,162,Midtown East,67,344.3594361117842,344
2026-04-03 18:00:00,230,Times Sq/Theatre District,67,229.36141042864634,229
2026-04-03 18:00:00,142,Lincoln Square East,67,214.98981240382324,215
2026-04-03 18:00:00,138,LaGuardia Airport,67,182.4688627610875,182
2026-04-03 18:00:00,170,Murray Hill,67,261.6423898188053,262
2026-04-03 19:00:00,237,Upper East Side South,68,306.4926726646763,306
2026-04-03 19:00:00,132,JFK Airport,68,328.0976932544284,328
2026-04-03 19:00:00,161,Midtown Center,68,364.1437236083232,364
2026-04-03 19:00:00,236,Upper East Side North,68,245.86952129598052,246
2026-04-03 19:00:00,186,Penn Station/Madison Sq West,68,238.97935448602684,239
2026-04-03 19:00:00,162,Midtown East,68,271.3713138951705,271
2026-04-03 19:00:00,230,Times Sq/Theatre District,68,189.84810341464723,190
2026-04-03 19:00:00,142,Lincoln Square East,68,194.0005377703369,194
2026-04-03 19:00:00,138,LaGuardia Airport,68,156.4475435110565,156
2026-04-03 19:00:00,170,Murray Hill,68,228.4105041761985,228
2026-04-03 20:00:00,237,Upper East Side South,69,260.4731756633499,260
2026-04-03 20:00:00,132,JFK Airport,69,328.4268789193534,328
2026-04-03 20:00:00,161,Midtown Center,69,292.2024071146172,292
2026-04-03 20:00:00,236,Upper East Side North,69,196.65831183175519,197
2026-04-03 20:00:00,186,Penn Station/Madison Sq West,69,189.00106111128258,189
2026-04-03 20:00:00,162,Midtown East,69,195.67836044641498,196
2026-04-03 20:00:00,230,Times Sq/Theatre District,69,182.68881347073543,183
2026-04-03 20:00:00,142,Lincoln Square East,69,187.21819518859013,187
2026-04-03 20:00:00,138,LaGuardia Airport,69,137.72320118895547,138
2026-04-03 20:00:00,170,Murray Hill,69,211.8530953012649,212
2026-04-03 21:00:00,237,Upper East Side South,70,254.57758890256764,255
2026-04-03 21:00:00,132,JFK Airport,70,351.3405763349623,351
2026-04-03 21:00:00,161,Midtown Center,70,309.85018643388617,310
2026-04-03 21:00:00,236,Upper East Side North,70,179.7521973460841,180
2026-04-03 21:00:00,186,Penn Station/Madison Sq West,70,229.94224914529696,230
2026-04-03 21:00:00,162,Midtown East,70,182.06115455457186,182
2026-04-03 21:00:00,230,Times Sq/Theatre District,70,340.31255479707363,340
2026-04-03 21:00:00,142,Lincoln Square East,70,272.81041995436846,273
2026-04-03 21:00:00,138,LaGuardia Airport,70,138.1251754685668,138
2026-04-03 21:00:00,170,Murray Hill,70,191.97043248112882,192
2026-04-03 22:00:00,237,Upper East Side South,71,224.81769354238781,225
2026-04-03 22:00:00,132,JFK Airport,71,364.55579512549116,365
2026-04-03 22:00:00,161,Midtown Center,71,289.6790493782708,290
2026-04-03 22:00:00,236,Upper East Side North,71,134.7415913804357,135
2026-04-03 22:00:00,186,Penn Station/Madison Sq West,71,232.0198462032629,232
2026-04-03 22:00:00,162,Midtown East,71,153.34901911160472,153
2026-04-03 22:00:00,230,Times Sq/Theatre District,71,399.41859112613025,399
2026-04-03 22:00:00,142,Lincoln Square East,71,377.13830559642247,377
2026-04-03 22:00:00,138,LaGuardia Airport,71,113.31385661037012,113
2026-04-03 22:00:00,170,Murray Hill,71,178.12372619006084,178
2026-04-03 23:00:00,237,Upper East Side South,72,156.8773333605754,157
2026-04-03 23:00:00,132,JFK Airport,72,308.1671082116241,308
2026-04-03 23:00:00,161,Midtown Center,72,215.88101970874925,216
2026-04-03 23:00:00,236,Upper East Side North,72,77.8725642137264,78
2026-04-03 23:00:00,186,Penn Station/Madison Sq West,72,183.0711545698705,183
2026-04-03 23:00:00,162,Midtown East,72,106.66915643062615,107
2026-04-03 23:00:00,230,Times Sq/Theatre District,72,275.78008341418047,276
2026-04-03 23:00:00,142,Lincoln Square East,72,228.12274358342847,228
2026-04-03 23:00:00,138,LaGuardia Airport,72,85.28667967946912,85
2026-04-03 23:00:00,170,Murray Hill,72,140.78350621202893,141
